{"regression_metrics": {"train:rmse:epoch": {"value": 89.13766479492188}, "train:progress": {"value": 100.0}, "test:mse": {"value": 4724.08935546875}, "train:mse:batch": {"value": 4680.546875}, "train:absolute_loss:epoch": {"value": 17.212461471557617}, "test:absolute_loss": {"value": 17.038057327270508}, "train:mse": {"value": 7945.5234375}, "train:mse:epoch": {"value": 7945.5234375}, "train:rmse:batch": {"value": 68.41452026367188}, "train:rmse": {"value": 89.13766479492188}, "test:rmse": {"value": 68.73200988769531}, "train:absolute_loss:batch": {"value": 17.104555130004883}, "train:absolute_loss": {"value": 17.212461471557617}, "train:throughput": {"value": 99450.3515625}}}